Pozitie,Severitate inc.,Severitate def,Mod 1,Mod 2,Mod 3,Mod 4,Mod 5,Mod 6,Mod 7,Mod 8
0.098,0,0.026224372,0.020609902,0.007827692,0.001628793,3.09E-05,0.002069976,0.005964276,0.009762361,0.01187287
0.31,0,0.005123933,0.001795144,0.000659722,0.002334118,0.00060038,0.00054187,0.002654432,0.001223021,0.000146003
0.569,0,0.026224372,0.002381676,0.017252268,0.005019361,0.009108867,0.011487876,0.002556474,0.016602576,1.70E-05
0.126,0,0.026224372,0.023457845,0.005549966,6.39E-05,0.002581229,0.00890054,0.014020623,0.014609677,0.010490626
0.759,0,0.026224372,0.000287598,0.005461239,0.017336365,0.017271915,0.004422423,0.000996241,0.012233779,0.016377336
0.098,1,0.026224372,0.026955255,0.013803138,0.007749361,0.00632235,0.008571986,0.012558582,0.016088782,0.017436307