Epoch,train_sat,test_sat,train_accuracy,test_accuracy
0,0.983648419380188,0.9861342310905457,0.19544503092765808,0.16040989756584167
